,text
0,RT @arutom1031: 遺伝子は変えられなくても、遺伝子にあるスイッチの「オンオフ」は変えることができます。それによって体調が良くなったり、能力を伸ばすことは可能だといいます。筑波大学の村上和雄教授は、良い遺伝子を目覚めさせる方法として「明るく前向きに考える」「感動す…
1,RT @Bunkajin_tv: ニコニコ文化人でYoutubeでは流せないコロナの真実を配信中です！今回は前回に引き続き京大准教授にゃんこ先生＆筑波大学准教授の掛谷先生をお呼びして激しい対談をして頂きました！以下のURLからどうぞご視聴くださいませ！https://t.c…
2,RT @hvv_jp: ▼開催概要8月11日(木)13：30～15：05　参加無料講師：石津智子先生（筑波大学循環器内科・日本循環器協会）神谷千津子先生（国立循環器病センター　産婦人科部）中嶋智美先生（埼玉医科大学国際医療センター　心臓血管外科）後援：日本循環器協会…
3,筑波大学附属駒場があるので、もちろん筑波大学附属本郷と筑波大学附属柏もあるらしい
4,【無料動画配信中】第30回記念セミナー「多様化する世界を読み解く～ 『多元主義』を理解するための諸書～」暮沢剛巳（東京工科大学デザイン学部教授）＆清水知子（筑波大学人文社会系准教授）https://t.co/EAXLXbPQv5 https://t.co/mteUyBGbCC
5,RT @genki2525with: ８月スタート！皆さん、猛暑と戦ってますか？第1週は土日も #キッチンカー が参上。週末も安心、水分補給も欠かさずに♪今年の夏も全力で応援、無理せずにね！今月のスケジュールです。ご来店お待ちしてます！#筑波大学　#コロナに負け…
6,RT @circo_de_rana: 今シーズンもスポンサーとしてご支援いただく株式会社ユーゴー様（@ugo_inc）のインターンシップで行われる経営体験ゲームを体験させていただきました！ゲームではメンバー一同大盛り上がりしつつ実際の経営において重要な要素を学ぶことができまし…
7,８月スタート！皆さん、猛暑と戦ってますか？第1週は土日も #キッチンカー が参上。週末も安心、水分補給も欠かさずに♪今年の夏も全力で応援、無理せずにね！今月のスケジュールです。ご来店お待ちしてます！#筑波大学　#コロナに負けるな https://t.co/lBRUwUEP3P
8,RT @CSPark_STUDENS: ／8/7(日)開催！＼筑波大学AD @tsukubaowls 主催で、部活のみならず多様な学群やサークルの学生も参加し創り上げるホームゲーム！様々な筑波大生と共に新たな化学反応をみせる学生運営チームに迫りました🙌https…
9,⚠️お知らせ⚠️【関東大学女子サッカー1部リーグ第4節（延期分）vs筑波大学戦について】8月7日(日)に行われる関東大学女子サッカー1部リーグ第4節 （延期分）筑波大学戦は《無観客試合》に決定致しました。また、当日はYouTube生配信がございますので是非ご覧下さい👀 https://t.co/dCn1nsq02O
10,【ハチミツとクローバー】筑波大学 https://t.co/eSIfq3450j
11,本日より筑波大学での夏季集中の講座「情報科指導法Ⅱ」を担当します。僕自身がいつも学びが多く、本当に有意義な時間に毎年なるのです。今年もたくさん学んできます！しかし、いつきても広いなぁ〜 https://t.co/EX9ceVLA0l
12,RT @CSPark_STUDENS: ／8/7(日)開催！＼筑波大学AD @tsukubaowls 主催で、部活のみならず多様な学群やサークルの学生も参加し創り上げるホームゲーム！様々な筑波大生と共に新たな化学反応をみせる学生運営チームに迫りました🙌https…
13,筑波大学ラクビー部OBが教育を語る！！！ #RadiCro #レディクロ #インターネットラジオ https://t.co/kG8AWwraEZ @Radi_Croより
14,RT @BungakuReportRS: 西村 純 筑波大学若林 啓 筑波大学綿抜 豊昭 筑波大学対話型連歌システムにおける文脈を考慮した句の返答手法の検討 | CiNii Research https://t.co/dSwwKMrceG
15,西村 純 筑波大学若林 啓 筑波大学綿抜 豊昭 筑波大学対話型連歌システムにおける文脈を考慮した句の返答手法の検討 | CiNii Research https://t.co/dSwwKMrceG
16,首都圏・中学（中高一貫校）偏差値ランキング2021！１位は筑波大学付属駒場中学校！2位・開成中学校！麻布中学校、聖光学院中学校、栄光学院中学校、駒場東邦中学校、慶應義塾中等部、女子学院中学校なども上位に！#首都圏中学偏差値ランキング #中学偏差値ランキングhttps://t.co/GaOJo9Kw2K
17,RT @YesDefenseStudy: #金井米穀店 に押し寄せる迷惑な人達同様、大学研究者が防衛装備庁研究を受託すると押しかける迷惑な集団がいます。「軍学共同反対連絡会」は野党政治家・マスコミも抱き込み、集団で押し寄せます。筑波大学の入試前日に押しかけ、北海道大学は受託中止…
18,RT @UNIV_TSUKUBA_JP: 【定期】筑波大では他にも公式SNSを運用しています。是非フォローお願いします。https://t.co/O9zCk8uEJ1https://t.co/GFGxyGD1Tihttps://t.co/euWmvXXP71https:…
19,【S1】：東京大学【S2】：京都大学【A1】：大阪大学　一橋大学【A2】：名古屋大学　慶応大学【A3】：北海道大学 東北大学 九州大学【B1】：筑波大学　東京外語大学　東京工業大学 早稲田大学【B2】：横浜国立大学 千葉大学　神戸大学　広島大学　お茶の水大学
20,"理学部地球学コース山田桂 准教授 層位・古生物学 理学博士1998,愛知教育大学,教育学部2000,愛知教育大学,教育学研究科2003,筑波大学,地球科学研究科2005 信州大学 理学部 助手2011 信州大学 理学部 准教授第四紀学会日本地質学科日本古生物学会"
21,【定期】筑波大では他にも公式SNSを運用しています。是非フォローお願いします。https://t.co/O9zCk8uEJ1https://t.co/GFGxyGD1Tihttps://t.co/euWmvXXP71https://t.co/m6l5aO4ck0https://t.co/FOh8AwOFfwhttps://t.co/eyILc1LHc7https://t.co/YmbxjE9Kff#筑波大学 #UniversityofTsukuba
22,[Notice] We also run the following official social media. Feel free to follow us.https://t.co/w2dxhFXLr7https://t.co/mpJ25HFfRshttps://t.co/VK8gzZnaLOhttps://t.co/n2zYWCbIiKhttps://t.co/kqlAILRZnghttps://t.co/NFuET4EtIRhttps://t.co/qseNALlEGu#UniversityofTsukuba #筑波大学
23,RT @YesDefenseStudy: #金井米穀店 に押し寄せる迷惑な人達同様、大学研究者が防衛装備庁研究を受託すると押しかける迷惑な集団がいます。「軍学共同反対連絡会」は野党政治家・マスコミも抱き込み、集団で押し寄せます。筑波大学の入試前日に押しかけ、北海道大学は受託中止…
24,RT @UNIV_TSUKUBA_JP: #筑波大学ポッドキャスト 「研究室サイドストーリー」第11回を配信しました「反応経路を追え！厄介者の #二酸化炭素 を働き者に変えよう」と題し数理物質系の #武安光太郎 助教にお話しを伺いますhttps://t.co/8PciHMH…
25,RT @arutom1031: 遺伝子は変えられなくても、遺伝子にあるスイッチの「オンオフ」は変えることができます。それによって体調が良くなったり、能力を伸ばすことは可能だといいます。筑波大学の村上和雄教授は、良い遺伝子を目覚めさせる方法として「明るく前向きに考える」「感動す…
26,RT @arutom1031: 遺伝子は変えられなくても、遺伝子にあるスイッチの「オンオフ」は変えることができます。それによって体調が良くなったり、能力を伸ばすことは可能だといいます。筑波大学の村上和雄教授は、良い遺伝子を目覚めさせる方法として「明るく前向きに考える」「感動す…
27,RT @Bunkajin_tv: ニコニコ文化人でYoutubeでは流せないコロナの真実を配信中です！今回は前回に引き続き京大准教授にゃんこ先生＆筑波大学准教授の掛谷先生をお呼びして激しい対談をして頂きました！以下のURLからどうぞご視聴くださいませ！https://t.c…
28,／8/7(日)開催！＼筑波大学AD @tsukubaowls 主催で、部活のみならず多様な学群やサークルの学生も参加し創り上げるホームゲーム！様々な筑波大生と共に新たな化学反応をみせる学生運営チームに迫りました🙌https://t.co/UN9jyAk0ve
29,"おはようございます！今朝のつくばは晴れ日中34℃の予報です。今週もどうぞ宜しくお願い致します🙇‍♀️◉市内感染拡大防止協力店◉検温,マスク,消毒,室内換気中🌟 人数制限有り.予約は早めにネットから確認のうえご連絡下さい！ℹ️https://t.co/8Cu55qbZp6 #整体院つくば #筑波大学 #つくば"
30,RT @YesDefenseStudy: #金井米穀店 に押し寄せる迷惑な人達同様、大学研究者が防衛装備庁研究を受託すると押しかける迷惑な集団がいます。「軍学共同反対連絡会」は野党政治家・マスコミも抱き込み、集団で押し寄せます。筑波大学の入試前日に押しかけ、北海道大学は受託中止…
31,RT @Bunkajin_tv: ニコニコ文化人でYoutubeでは流せないコロナの真実を配信中です！今回は前回に引き続き京大准教授にゃんこ先生＆筑波大学准教授の掛谷先生をお呼びして激しい対談をして頂きました！以下のURLからどうぞご視聴くださいませ！https://t.c…
32,@tokiyukiyuu ７月は仲良くしてくれてありがと～❣️８月もよろしくね🥰茨城や筑波大学に関する一般的な事を聴きたいとか、愚痴りたい時に話を聴いてあげることぐらいはできるから、LINE垢やディスコ垢を知りたい時は、気軽にDMで教えてね😊
33,RT @ktr_nikkosabo: 筑波大学の学生が森林水文・砂防学の課題解決実習として7月20日に #日光砂防 事務所管内を訪れました。土砂流出と砂防施設効果を見た学生は砂防研究の参考になったようです。また、スリランカ、ミャンマー、ベトナムの留学生らは自国の土砂災害防止の…
34,RT @arutom1031: 遺伝子は変えられなくても、遺伝子にあるスイッチの「オンオフ」は変えることができます。それによって体調が良くなったり、能力を伸ばすことは可能だといいます。筑波大学の村上和雄教授は、良い遺伝子を目覚めさせる方法として「明るく前向きに考える」「感動す…
35,RT @namachan10777: 私は「最悪にも程がある」という百合同人誌を読み、本気で筑波大学を目指し合格した結果今があります
36,RT @TSUKUBALIVE: #TSUKUBALIVE#カウントダウンTSUKUBA LIVEまであと7日❗️筑波大学水泳部水球部門の皆さんによるカウントダウン😎@tsukuba_wp https://t.co/ZZhIkjwgnI
37,遺伝子は変えられなくても、遺伝子にあるスイッチの「オンオフ」は変えることができます。それによって体調が良くなったり、能力を伸ばすことは可能だといいます。筑波大学の村上和雄教授は、良い遺伝子を目覚めさせる方法として「明るく前向きに考える」「感動する」「感謝する」などを挙げてます。
38,【令和4年8月1日金栗四三イズム】筑波大学駅伝部へ金栗四三イズムを注入するために大野勝彦先生の書を送りました。#金栗四三#筑波大学駅伝部#大野勝彦 https://t.co/9nlkyQzqiC
39,RT @taigakuRTA: 【筑波大学のいいところランキング❗️】第1位　深夜ツイートにすぐいいねがくる以上。
40,筑波大学病院　『看護師』　給料 https://t.co/JLvrIcHq6l
41,RT @jaaf_official: 【#U20世界選手権】🌟選手紹介🌟 🇯🇵 #渡邉希（筑波大学）◆種目：男子走幅跳◆学年：1年◆生年月日：2004年3月25日◆登録陸協：宮城◆資格記録：7m85 応援よろしくお願いします📣🌈 ✅大会ページhttps:…
42,皆さんと同じ1ファンです筑波大学時代に神宮大会で見たときから気になる選手で 好きになりました球場で稀にお話するくらいです #Peing #質問箱 https://t.co/ie8WQ3Xf95
43,RT @YesDefenseStudy: #金井米穀店 に押し寄せる迷惑な人達同様、大学研究者が防衛装備庁研究を受託すると押しかける迷惑な集団がいます。「軍学共同反対連絡会」は野党政治家・マスコミも抱き込み、集団で押し寄せます。筑波大学の入試前日に押しかけ、北海道大学は受託中止…
44,RT @nof_toro: 嘉納治五郎先生の研究の第一人者である筑波大学の真田先生によると、嘉納先生の『逆らわずして勝つ！』（順道制勝）という言葉は熊本の五高時代に使い始めたらしい！そして役所広司さん演じる嘉納先生の姿は一部からは色々言われたけど、本当の嘉納先生の人物像に近…
45,RT @nof_toro: 嘉納治五郎先生の研究の第一人者である筑波大学の真田先生によると、嘉納先生の『逆らわずして勝つ！』（順道制勝）という言葉は熊本の五高時代に使い始めたらしい！そして役所広司さん演じる嘉納先生の姿は一部からは色々言われたけど、本当の嘉納先生の人物像に近…
46,RT @Aiko_Sada: 筑波大学の博士学生時代から一緒に研究をやってきたYenさんが、ラボを旅立つ日がやってきました。最初に研究室に来た時から大きく成長した姿を嬉しく思います。８月からは理研のポスドクとしてtissue engineeringのプロジェクトに携わります。長…
47,RT @nof_toro: 嘉納治五郎先生の研究の第一人者である筑波大学の真田先生によると、嘉納先生の『逆らわずして勝つ！』（順道制勝）という言葉は熊本の五高時代に使い始めたらしい！そして役所広司さん演じる嘉納先生の姿は一部からは色々言われたけど、本当の嘉納先生の人物像に近…
48,@tokiyukiyuu 筑波大学目指してるなんて、地元民としてはすっごく嬉しい💗すごくいい所だから、ぜひ頑張って受かって欲しいな🥰私も高校の３年間は朝から晩まで勉強してたよ😓高校時代の楽しい思い出なんて何もないけど、その時頑張ったお陰で今の生活があるって思ってるから悔いはないかな…応援してるね❣️
49,"RT @chonky98: ..#野中大輝 さん #野中大輝選手 #茨城アストロプラネッツ #独立リーグ #BCリーグ #秋田南高校 #筑波大学 #nikon  #牛久運動公園野球場 July 31,2022 茨城アストロプラネッツ vs 栃木ゴールデンプレー…"
50,RT @PorkyPorky: 暗殺できる組織がその気になれば海外だろうが関係ないだろうね実際に筑波大学の助教授はイスラム絡みで暗殺されてるししかも大学の構内で
51,RT @jaaf_official: 【#U20世界選手権】🌟選手紹介🌟 🇯🇵 #渡邉希（筑波大学）◆種目：男子走幅跳◆学年：1年◆生年月日：2004年3月25日◆登録陸協：宮城◆資格記録：7m85 応援よろしくお願いします📣🌈 ✅大会ページhttps:…
52,RT @moyoi_ITF: 筑波大学はバイトをしなければ余裕でついていけます。というか週7バイトがバカなだけ。試験前日にバイト7時間入れるの頭悪すぎ。
53,筑波大学はバイトをしなければ余裕でついていけます。というか週7バイトがバカなだけ。試験前日にバイト7時間入れるの頭悪すぎ。
54,牧隼利の彼女や中学・高校は？バッシュや兄弟までwiki風プロフィール紹介！  https://t.co/iQKqkRCNx6 #Bリーグ #カイリー #埼玉 #牧隼利 #琉球ゴールデンキングス #筑波大学
55,この人筑波大学の人…https://t.co/oV5qkLA2W0
56,RT @tokyopiglet1: 筑波大学の高校生を対象としたレクチャーキャンプ開催中です　今回はかなり深いテーマを扱うらしく前もって情報内容と精神的な留意点についてわかりやすく書いてあります。 https://t.co/rOqNGVxwQp
57,インターンシップを探すならインターンシップガイドhttps://t.co/IR7SXkLre4#福岡大学#龍谷大学#東京理科大学#専修大学#青山学院大学#九州大学#神奈川大学#東北大学#北海道大学#筑波大学#神戸大学#名古屋大学#名城大学#広島大学#駒澤大学#千葉大学#上智大学#国士舘大学
58,@ship77206 ありがとうございます。安来だったら、島根県ですもね。越境入学になってしまう。あと。筑波大学大学院は、同期入学だったんですね。私は、北大で現役合格、教養留置１回、修士留年２回で筑波に博士課程の前期から入り直したので、合計５年遅れで入ったのでした。結局除籍だったので、いないことに
59,@bokurou278 経歴大阪府に生まれ、4歳の時から鳥取県米子市に育つ。鳥取県立米子東高等学校を経て、1990年（平成2年）筑波大学第三学群情報学類卒業。島根大学大学院博士課程単位取得退学。wikiだとこうですね。
60,厳格な本学  筑波大学
61,RT @YesDefenseStudy: #金井米穀店 に押し寄せる迷惑な人達同様、大学研究者が防衛装備庁研究を受託すると押しかける迷惑な集団がいます。「軍学共同反対連絡会」は野党政治家・マスコミも抱き込み、集団で押し寄せます。筑波大学の入試前日に押しかけ、北海道大学は受託中止…
62,#金井米穀店 に押し寄せる迷惑な人達同様、大学研究者が防衛装備庁研究を受託すると押しかける迷惑な集団がいます。「軍学共同反対連絡会」は野党政治家・マスコミも抱き込み、集団で押し寄せます。筑波大学の入試前日に押しかけ、北海道大学は受託中止に追い込みました。 https://t.co/BJGJvZWXhv
63,RT @mnr_vb: 【2022.07.31 沖縄アリーナ】関田くんのプレーはなぜこんなにも美しいのか#関田誠大 選手#龍神NIPPON#筑波大学 https://t.co/Jzk1fuLt3s
64,RT @taigakuRTA: 【筑波大学のいいところランキング❗️】第1位　深夜ツイートにすぐいいねがくる以上。
65,RT @taigakuRTA: 【筑波大学のいいところランキング❗️】第1位　深夜ツイートにすぐいいねがくる以上。
66,筑波大学の高校生を対象としたレクチャーキャンプ開催中です　今回はかなり深いテーマを扱うらしく前もって情報内容と精神的な留意点についてわかりやすく書いてあります。 https://t.co/rOqNGVxwQp
67,【筑波大学のいいところランキング❗️】第1位　深夜ツイートにすぐいいねがくる以上。
68,RT @FFMatudo: @totokiki56777 青山学院大学の『渋谷カープ』中央大学の『中大カープ』法政大学・東京理科大学などの『飯田橋CARP』岩手大学の『岩手CARP』山形大学の『山形CARP』筑波大学・茨城大学の『筑波大学CARP』宇都宮大学の『栃木…
69,暗殺できる組織がその気になれば海外だろうが関係ないだろうね実際に筑波大学の助教授はイスラム絡みで暗殺されてるししかも大学の構内で https://t.co/SAks4rltEw
70,RT @TsukubaBaseball: 【試合結果】夏季オープン戦v.s. 富士大学●富士大学 1-6 筑波大学◯初回から連打でチャンスを作り、 #西浦謙太（体育3/八尾）の適時打などで二点を先制した。その後も打線は繋がり、先発した #遠藤泰介（体育1/刈谷）の好…
71,筑波大学百合愛好会はないんですか？
72,RT @circo_de_rana: 今シーズンもスポンサーとしてご支援いただく株式会社ユーゴー様（@ugo_inc）のインターンシップで行われる経営体験ゲームを体験させていただきました！ゲームではメンバー一同大盛り上がりしつつ実際の経営において重要な要素を学ぶことができまし…
73,"..#野中大輝 さん #野中大輝選手 #茨城アストロプラネッツ #独立リーグ #BCリーグ #秋田南高校 #筑波大学 #nikon  #牛久運動公園野球場 July 31,2022 茨城アストロプラネッツ vs 栃木ゴールデンプレーブス.. https://t.co/w7PbXZylZF"
74,"..#野中大輝 さん #野中大輝選手 #茨城アストロプラネッツ #独立リーグ #BCリーグ #秋田南高校 #筑波大学 #nikon  #牛久運動公園野球場 July 31,2022 茨城アストロプラネッツ vs 栃木ゴールデンプレーブス.. https://t.co/w7PbXZylZF https://t.co/0lZ0dwgVR4"
75,RT @m_masuda: 8月の登壇予定は、いまのところ8件。①1日　特許庁　日中韓デザインフォーラム基調講演「メタバースの法的論点」②1日　筑波大学『情報法』講義「インターネットビジネスの法律関係総論」③5日　日弁連夏季研修「ブロックチェーン法律実務の基礎…
76,@nopain_nopower THE 筑波大学って感じだからキラキラ大学生できるよ！！（知らんけど二学だか三学だかどっちか学食美味かった気がする、つくば来たら行こうね
77,RT @TsukubaBaseball: 【試合結果】夏季オープン戦v.s. 富士大学●富士大学 1-6 筑波大学◯初回から連打でチャンスを作り、 #西浦謙太（体育3/八尾）の適時打などで二点を先制した。その後も打線は繋がり、先発した #遠藤泰介（体育1/刈谷）の好…
78,RT @mnr_vb: 【2022.07.31 沖縄アリーナ】関田くんのプレーはなぜこんなにも美しいのか#関田誠大 選手#龍神NIPPON#筑波大学 https://t.co/Jzk1fuLt3s
79,RT @ochyai: SAMURAIなでしこ助教公募始まりました！　ぜひご興味ある方よろしくお願いいたします！！サッカーに特化したデジタル鑑賞技術を開発に携わる助教を募集します。 - 筑波大学 デジタルネイチャー開発研究センター https://t.co/0gxqGdFQ…
80,データベース概論データベースシステムとは？ユーザ、アプリケーション→データベース管理システム（DBMS）→データベース（DBS）#駆け出しエンジニアと繋がりたい#プログラミング#転職#データベース#筑波大学
81,@Apple57982063 筑波大学の方ですか？体育の基礎体育ニュースポーツ取ってました？
82,今シーズンもスポンサーとしてご支援いただく株式会社ユーゴー様（@ugo_inc）のインターンシップで行われる経営体験ゲームを体験させていただきました！ゲームではメンバー一同大盛り上がりしつつ実際の経営において重要な要素を学ぶことができました！#筑波大学 #フットサル #株式会社ユーゴー https://t.co/MKDXvOlyuD
83,@Chorvey3 筑波大学体育センターHPから科目抽選システムみたいなやつにログイン
84,RT @TSUKUBALIVE: #TSUKUBALIVE#カウントダウンTSUKUBA LIVEまであと7日❗️筑波大学水泳部水球部門の皆さんによるカウントダウン😎@tsukuba_wp https://t.co/ZZhIkjwgnI
85,RT @mnr_vb: 【2022.07.31 沖縄アリーナ】日の丸をつけて一緒に楽しそうに戦う姿が見たかったんだ#樋口裕希 選手#小澤宙輝 選手#龍神NIPPON#筑波大学 https://t.co/skLTsCciTT
86,筑波大学の博士学生時代から一緒に研究をやってきたYenさんが、ラボを旅立つ日がやってきました。最初に研究室に来た時から大きく成長した姿を嬉しく思います。８月からは理研のポスドクとしてtissue engineeringのプロジェクトに携わります。長い間、本当にありがとう。今後の活躍を期待しています。 https://t.co/GVura55Xcv
87,#TSUKUBALIVE#カウントダウンTSUKUBA LIVEまであと7日❗️筑波大学水泳部水球部門の皆さんによるカウントダウン😎@tsukuba_wp https://t.co/ZZhIkjwgnI
88,"RT @tphoto2005: 松本光弘（筑波大学名誉教授）と宇野勝（東海大学教授）two professors from Japan UniversitiesFulham Road in London,  8 Aug 1971    Photo by Masahide…"
89,一般入試だけが大学受験じゃない！大学編入で君だけのシンデレラストーリー！京都大学／大阪大学／名古屋大学／北海道大学／神戸大学／筑波大学／お茶の水女子大学／横浜国立大学▼こんな問題がでるだと▼https://t.co/dF5csVqtgP
90,RT @ge_ogura_phy: 筑波大学高校生公開講座、8/8開催回はまもなく〆切です！地理や地形、GISに興味のある方、是非お越しください！
91,嘉納治五郎先生の研究の第一人者である筑波大学の真田先生によると、嘉納先生の『逆らわずして勝つ！』（順道制勝）という言葉は熊本の五高時代に使い始めたらしい！そして役所広司さん演じる嘉納先生の姿は一部からは色々言われたけど、本当の嘉納先生の人物像に近いんだって！#いだてん https://t.co/xtG8pzbDg5
92,最安値の「筑波大学（前期日程）  ２０１９ /教学社」の価格比較ランキングを更新しました。最安値は378円です。https://t.co/qRjWjg82bD
93,てか8/10までテスト食い込んでるうんこ筑波大学なんなんすか。どこにそんな権限があるんすか。
94,RT @nyappiripiri: 国際合同結婚式を支持する学者・文化人の会［連絡先］〒１０２　東京都千代田区三番町３－３タウンハウス３Ｂ 電話（０３）３２６５－５６６２代表世話人　福田信之　元筑波大学学長　世話人　金山政英　元駐韓大使　世話人　細川隆一郎　政治評論家
95,「筑波大学　体育センター」で検索！ https://t.co/jqtsrYsjzb
96,RT @tsukubahandball: 【YouTube更新！！】今回は筑波大学から海外のプロリーグに進出した榎本選手、吉田選手へのインタビューを行いました。ハンドボールへの質問、海外での苦労など様々な質問に答えてくれました！ぜひこちらのリンクから↓https…
97,RT @YesDefenseStudy: #金井米穀店 に押し寄せる迷惑な人達同様、大学研究者が防衛装備庁研究を受託すると押しかける迷惑な集団がいます。「軍学共同反対連絡会」は野党政治家・マスコミも抱き込み、集団で押し寄せます。筑波大学の入試前日に押しかけ、北海道大学は受託中止…
98,RT @m_masuda: ⑦27日　地域金融変革活動体「メタバースの法的論点」⑧29日　筑波大学『情報法』講義「ドメインネームに関するソフトローODR」今月から総務省・経産省の委員会も相次いで始まります…
99,RT @m_masuda: 8月の登壇予定は、いまのところ8件。①1日　特許庁　日中韓デザインフォーラム基調講演「メタバースの法的論点」②1日　筑波大学『情報法』講義「インターネットビジネスの法律関係総論」③5日　日弁連夏季研修「ブロックチェーン法律実務の基礎…
